Player,Pos,Tm,SAW_score,SAW_rank,TOPSIS_score,TOPSIS_rank,Hellwig_score,Hellwig_rank,AGR_score,AGR_rank
Anthony Edwards,SG,MIN,0.617020191354431,7,0.6174600964569641,7,0.34530280626020693,9,0.8003577151807727,7
Donovan Mitchell,SG,CLE,0.5549614311936844,13,0.5545675465979322,14,0.2641492520331674,35,0.6755976091386595,15
Derrick White,SG,BOS,0.4810128444994384,25,0.43540168405343466,32,0.3382766326580965,10,0.6109035598081083,24
Austin Reaves,SG,LAL,0.4637903934001997,33,0.41496241329095296,36,0.3052344533965864,19,0.5678339655703242,31
Kyrie Irving,SG,DAL,0.47869537655299665,28,0.47505183873275797,27,0.22613823360189078,46,0.5605040295244202,32
