Player,Pos,Tm,SAW_score,SAW_rank,TOPSIS_score,TOPSIS_rank,Hellwig_score,Hellwig_rank,AGR_score,AGR_rank
Nikola Jokić,C,DEN,0.7371604035372435,1,0.734366426780205,1,0.41487156457692764,4,0.9830727450338673,1
Joel Embiid,C,PHI,0.6607845236821448,4,0.6896970130410492,3,0.31678416672086074,18,0.8494529054218445,5
Anthony Davis,C,LAL,0.6518558788967995,6,0.6360461961767215,6,0.3602022111812141,7,0.8411786302926736,6
Jarrett Allen,C,CLE,0.5522808160616696,14,0.48625985244969266,20,0.4413183613311372,1,0.7482209873765051,10
Chet Holmgren,C,OKC,0.4678877165281188,31,0.43963781080711195,31,0.3248096371268193,16,0.5969443582026053,27
