Player,Pos,Tm,SAW_score,SAW_rank,TOPSIS_score,TOPSIS_rank,Hellwig_score,Hellwig_rank,AGR_score,AGR_rank
LeBron James,PF,LAL,0.7270730207276962,2,0.6913863796826247,2,0.41742443050521616,3,0.9540783881738818,2
Jayson Tatum,PF,BOS,0.5895461273769895,11,0.6151903380176416,8,0.3273413849762936,13,0.7712952559231998,9
Jalen Williams,PF,OKC,0.5346453865718012,19,0.5163392467520155,19,0.35194932412784097,8,0.6978364674258196,13
Kevin Durant,PF,PHO,0.5468434562347956,16,0.5267287720495969,17,0.33005779101427535,12,0.6970060997530845,14
Evan Mobley,PF,CLE,0.49521092354148094,23,0.4641800287900049,30,0.36943874588539716,6,0.6557634005281139,17
