Player,Pos,Tm,SAW_score,SAW_rank,TOPSIS_score,TOPSIS_rank,Hellwig_score,Hellwig_rank,AGR_score,AGR_rank
Jaylen Brown,SF,BOS,0.5010621438714403,22,0.48548374853115395,21,0.28939478150475173,27,0.6202166358656633,22
Josh Hart,SF,NYK,0.4874497261551058,24,0.48524489858508685,22,0.2995677267798109,21,0.61853249413484,23
Franz Wagner,SF,ORL,0.4799170520428395,26,0.48189947302592,24,0.2818418402262106,29,0.600808643225938,25
Khris Middleton,SF,MIL,0.5038822839312433,20,0.526489350890529,18,0.1861086644795945,65,0.579301966486507,29
OG Anunoby,SF,NYK,0.41814112927307234,44,0.35752423679867323,57,0.29902227822744576,22,0.503883227188382,42
