Player,Pos,Tm,SAW_score,SAW_rank,TOPSIS_score,TOPSIS_rank,Hellwig_score,Hellwig_rank,AGR_score,AGR_rank
Shai Gilgeous-Alexander,PG,OKC,0.6606900062662141,5,0.6733457389424135,5,0.42125481049226876,2,0.9068829305510173,3
Luka Dončić,PG,DAL,0.6766202803461308,3,0.6803930712848923,4,0.31682839562349974,17,0.8535182160620179,4
Tyrese Haliburton,PG,IND,0.60054110856293,8,0.5584776754476973,12,0.383319929824524,5,0.7810982296619593,8
James Harden,PG,LAC,0.5757620194224231,12,0.5677702943726778,11,0.3375949689817921,11,0.742494209464574,11
Tyrese Maxey,PG,PHI,0.5917535062064508,9,0.5867496776609591,9,0.27077963309133235,33,0.7200838503939112,12
